Row Labels,Sum of Sales,Sum of Profit
"Eggs, Meat & Fish",2267401,567357.22
Mutton,611200,151389.4
Eggs,575156,144669.92
Fish,560548,147248.01
Chicken,520497,124049.89
Snacks,2237546,568178.85
Cookies,768213,190643.7
Noodles,735435,193685.81
Chocolates,733898,183849.34
Food Grains,2115272,529162.64
Organic Staples,558929,144136.89
Atta & Flour,534649,127861.1
Dals & Pulses,523371,130232.29
Rice,498323,126932.36
Bakery,2112281,528521.06
Breads & Buns,742586,190764.98
Cakes,685612,168398.46
Biscuits,684083,169357.62
Fruits & Veggies,2100727,530400.38
Fresh Fruits,551212,134668.35
Fresh Vegetables,525842,131273.33
Organic Vegetables,520271,133596.37
Organic Fruits,503402,130862.33
Beverages,2085313,525605.76
Health Drinks,1051439,267469.79
Soft Drinks,1033874,258135.97
Oil & Masala,2038442,497895.29
Masalas,697480,168999.11
Spices,672876,160302.6
Edible Oil & Ghee,668086,168593.58
Grand Total,14956982,3747121.2
